日期,max_temp,min_temp,ave_temp,T0100
20170101,7,-1,3,2998.09683
20170102,9,1,5,2859.15097
20170103,9,-1,4,2910.744995
20170104,8,3,5.5,2988.548285
20170105,7,2,4.5,3017.66132
20170106,4,0,2,3002.88711
20170107,6,-2,2,3026.86188
20170108,6,-2,2,3049.11221
20170109,4,-3,0.5,2928.60186
20170110,5,-3,1,3009.1649
20170111,6,-3,1.5,2999.464735
20170112,8,-4,2,3109.93805
20170113,9,-3,3,3054.844225
20170114,5,-3,1,3021.83638
20170115,4,-2,1,3082.82676
20170116,5,-2,1.5,2993.34607
20170117,5,-1,2,3045.3295
20170118,5,-1,2,3035.20573
20170119,5,-5,0,3046.542175
20170120,4,-5,-0.5,3070.95765
20170121,8,-5,1.5,3069.20509
20170122,9,-4,2.5,2887.90652
20170123,10,-2,4,2813.017925
20170124,9,-2,3.5,2742.935285
20170125,9,-1,4,2677.70743
20170126,10,-2,4,2582.762625
20170127,6,-1,2.5,2327.57448
20170128,5,-1,2,2421.701715
20170129,4,-5,-0.5,2192.88215
20170130,4,-3,0.5,2258.383985
20170131,4,-3,0.5,2350.32299
20170201,3,-2,0.5,2442.56989
20170202,4,-3,0.5,2408.00737
20170203,9,-1,4,2512.35385
20170204,12,-1,5.5,2606.6689
20170205,10,2,6,2660.713925
20170206,6,0,3,2638.1633
20170207,3,-3,0,2771.195505
20170208,7,-2,2.5,2871.84772
20170209,6,-4,1,2892.73024
20170210,8,-4,2,2874.30594
20170211,10,-3,3.5,2880.9947
20170212,12,-1,5.5,2767.8991
20170213,11,1,6,2693.13847
20170214,12,1,6.5,2784.72303
20170215,15,4,9.5,2806.32432
20170216,17,3,10,2736.92587
20170217,12,1,6.5,2667.60399
20170218,17,3,10,2716.38421
20170219,17,5,11,2696.58146
20170220,9,1,5,2567.36436
20170221,3,0,1.5,2789.09835
20170222,7,-2,2.5,2938.62531
20170223,8,-2,3,2850.37715
20170224,10,-1,4.5,2883.13657
20170225,12,1,6.5,2849.14861
20170226,13,0,6.5,2802.62274
20170227,14,3,8.5,2687.735535
20170228,16,3,9.5,2785.381665
20170301,10,-1,4.5,2743.13013
20170302,14,1,7.5,2735.655815
20170303,17,4,10.5,2712.92545
20170304,16,3,9.5,2699.850125
20170305,16,3,9.5,2626.572825
20170306,13,1,7,2571.25176
20170307,15,1,8,2691.00952
20170308,13,1,7,2691.210635
20170309,15,4,9.5,2727.70517
20170310,14,6,10,2719.96039
20170311,13,7,10,2730.76854
20170312,9,4,6.5,2635.525435
20170313,5,-1,2,2622.53295
20170314,8,4,6,2796.11182
20170315,9,1,5,2826.542505
20170316,15,4,9.5,2862.85958
20170317,14,4,9,2857.51089
20170318,13,7,10,2761.0895
20170319,10,5,7.5,2531.830465
20170320,17,6,11.5,2520.8744
20170321,17,8,12.5,2542.343545
20170322,14,6,10,2566.979135
20170323,12,6,9,2504.23572
20170324,17,6,11.5,2662.63682
20170325,17,3,10,2648.371335
20170326,18,3,10.5,2505.508815
20170327,19,9,14,2412.526425
20170328,19,7,13,2390.222515
20170329,19,11,15,2410.43576
20170330,17,7,12,2427.16811
20170331,19,8,13.5,2385.25962
20170401,20,4,12,2339.13085
20170402,24,11,17.5,2332.337875
20170403,15,11,13,2163.450865
20170404,20,10,15,2086.53098
20170405,23,10,16.5,2049.505775
20170406,24,11,17.5,2230.30835
20170407,21,12,16.5,2217.03115
20170408,18,11,14.5,2252.005875
20170409,12,9,10.5,2269.143875
20170410,12,5,8.5,2212.7248
20170411,20,9,14.5,2343.214425
20170412,22,10,16,2292.69295
20170413,24,11,17.5,2204.31635
20170414,28,12,20,2215.81135
20170415,26,14,20,2203.148135
20170416,18,11,14.5,2150.87239
20170417,29,13,21,2090.2356
20170418,27,12,19.5,2231.773155
20170419,25,8,16.5,2182.2298
20170420,22,10,16,2193.51751
20170421,22,6,14,2164.04832
20170422,23,11,17,2214.307405
20170423,28,14,21,2146.638905
20170424,28,16,22,2125.724465
20170425,21,9,15,2134.61637
20170426,20,11,15.5,2176.496835
20170427,26,12,19,2154.144285
20170428,27,11,19,2171.69164
20170429,28,13,20.5,2195.3265
20170430,30,15,22.5,2109.56962
20170501,29,13,21,2045.498865
20170502,26,17,21.5,2009.31821
20170503,18,11,14.5,2091.044905
20170504,22,12,17,2087.3514
20170505,21,10,15.5,2147.442985
20170506,23,11,17,2144.03125
20170507,21,12,16.5,2106.763035
20170508,29,13,21,2020.66368
20170509,30,16,23,2121.3101
20170510,30,17,23.5,2134.34201
20170511,32,13,22.5,2149.59464
20170512,32,16,24,2234.75321
20170513,34,16,25,2321.790025
20170514,25,13,19,2283.750125
20170515,27,15,21,2108.86339
20170516,31,15,23,2160.07504
20170517,32,17,24.5,2231.7438
20170518,31,17,24,2303.3187
20170519,30,17,23.5,2281.133255
20170520,31,20,25.5,2391.7219
20170521,30,20,25,2425.578
20170522,24,14,19,2371.30184
20170523,23,15,19,2095.750825
20170524,27,14,20.5,2165.81171
20170525,29,14,21.5,2175.59576
20170526,31,16,23.5,2235.70739
20170527,33,16,24.5,2361.315725
20170528,35,19,27,2474.57026
20170529,28,18,23,2539.6274
20170530,32,19,25.5,2176.036465
20170531,33,22,27.5,2280.133855
20170601,35,21,28,2498.29195
20170602,33,21,27,2693.38433
20170603,29,18,23.5,3015.73035
20170604,19,14,16.5,2300.374935
20170605,18,13,15.5,2044.08992
20170606,27,16,21.5,2150.896235
20170607,29,16,22.5,2212.26956
20170608,26,17,21.5,2271.3208
20170609,25,17,21,2392.03806
20170611,30,20,25,2302.364425
20170612,32,19,25.5,2233.407535
20170614,30,20,25,2548.086675
20170615,31,17,24,2471.396025
20170613,30,20,25,2433.64863
20170616,31,19,25,2611.759475
20170617,34,19,26.5,2820.22624
20170618,32,19,25.5,2817.23355
20170619,32,20,26,2988.5803
20170620,35,21,28,2791.120425
20170621,33,21,27,3082.504615
20170622,30,20,25,3088.171175
20170623,34,22,28,3359.665975
20170624,35,18,26.5,3224.88748
20170625,32,19,25.5,3286.7587
20170610,34,18,26,2231.729075
20170626,35,20,27.5,3276.93589
20170627,35,21,28,3628.3369
20170628,35,21,28,3835.385885
20170629,36,22,29,4005.602135
20170630,35,22,28.5,3205.5755
20170701,37,22,29.5,3410.85606
20170702,36,22,29,3753.486385
20170703,37,24,30.5,3951.71291
20170704,37,24,30.5,4349.822
20170705,30,21,25.5,4342.22485
20170706,30,21,25.5,3357.4349
20170707,34,21,27.5,2932.159895
20170708,36,21,28.5,3456.56227
20170709,36,22,29,3272.17183
20170710,40,23,31.5,3637.44721
20170711,39,23,31,4366.9771
20170712,39,24,31.5,4730.539696
20170713,39,24,31.5,4721.683734
20170714,38,25,31.5,4719.645076
20170715,37,22,29.5,4642.188194
20170716,35,22,28.5,4451.569185
20170717,37,24,30.5,3910.8042
20170718,37,24,30.5,4236.095885
20170719,37,24,30.5,4772.2585
20170720,39,27,33,4707.180955
20170721,39,26,32.5,4707.414009
20170722,38,26,32,4721.668274
20170723,41,26,33.5,4714.04188
20170724,40,25,32.5,4709.403052
20170725,40,26,33,3700.904863
20170726,39,27,33,4709.403052
20170727,42,25,33.5,4000.570056
20170728,35,18,26.5,4217.526425
20170729,26,17,21.5,3072.716575
20170730,32,21,26.5,2617.934475
20170731,32,20,26,2950.89874
20170801,32,21,26.5,3389.764255
20170802,32,22,27,3586.66838
20170803,37,25,31,4042.139135
20170804,39,24,31.5,4254.49007
20170805,39,25,32,4681.771
20170806,39,17,28,4298.104763
20170807,29,17,23,3958.05435
20170808,32,19,25.5,2647.798865
20170809,35,22,28.5,3104.856975
20170810,37,23,30,3503.78278
20170811,36,22,29,3968.01985
20170812,34,21,27.5,4081.26175
20170813,35,22,28.5,3927.567615
20170814,34,23,28.5,2994.7724
20170815,34,23,28.5,3453.95585
20170816,35,23,29,3791.04625
20170817,36,23,29.5,4052.416615
20170818,35,22,28.5,4153.6907
20170819,34,22,28,3441.246465
20170820,31,21,26,3445.12674
20170821,32,23,27.5,2736.495615
20170822,32,20,26,3255.505695
20170823,29,21,25,2699.4041
20170824,30,19,24.5,2960.74017
20170825,26,19,22.5,3091.32755
20170826,29,21,25,2501.348575
20170827,32,21,26.5,2397.596795
20170828,32,21,26.5,2381.158565
20170829,22,15,18.5,2328.273965
20170830,18,14,16,2196.2632
20170831,24,17,20.5,2213.71755
20170901,22,16,19,2269.976075
20170902,22,15,18.5,2232.832405
20170903,21,16,18.5,2272.00803
20170904,20,16,18,2121.2854
20170905,20,16,18,2183.496625
20170906,27,20,23.5,2185.247
20170907,28,19,23.5,2254.39826
20170908,24,18,21,2319.40182
20170909,22,17,19.5,2333.40273
20170910,26,18,22,2143.67614
20170911,27,17,22,2150.93756
20170912,28,17,22.5,2265.411135
20170913,28,18,23,2321.80304
20170914,27,17,22,2409.631205
20170915,26,17,21.5,2402.4835
20170916,23,17,20,2418.95517
20170917,25,18,21.5,2256.408365
20170918,27,19,23,2237.75825
20170919,26,17,21.5,2340.89785
20170920,27,17,22,2337.53105
20170921,29,17,23,2435.41848
20170922,27,17,22,2434.072995
20170923,29,18,23.5,2371.369575
20170924,26,18,22,2389.12726
20170925,22,17,19.5,2251.378685
20170926,21,15,18,2280.226385
20170927,19,15,17,2178.01902
20170928,23,16,19.5,2198.96405
20170929,25,17,21,2203.07755
20170930,24,16,20,2228.15375
20171001,23,16,19.5,2036.85149
20171002,21,14,17.5,1906.662065
20171003,18,12,15,1858.627785
20171004,12,11,11.5,1835.171905
20171005,18,11,14.5,1869.31272
20171006,20,14,17,2040.866
20171007,22,15,18.5,2086.7377
20171008,22,12,17,2117.60605
20171009,17,9,13,2097.270635
20171010,11,9,10,2278.284585
20171011,11,10,10.5,2340.84921
20171012,16,10,13,2491.53156
20171013,13,10,11.5,2402.291885
20171014,16,10,13,2447.580095
20171015,14,9,11.5,2427.37103
20171016,10,9,9.5,2325.90476
20171017,11,9,10,2461.6552
20171018,16,11,13.5,2514.58692
20171019,19,10,14.5,2441.270385
20171020,19,11,15,2439.70621
20171021,20,13,16.5,2414.512875
20171022,19,12,15.5,2364.72879
20171023,18,10,14,2277.093
20171024,19,11,15,2315.16482
20171025,15,10,12.5,2364.656875
20171026,20,10,15,2414.02448
20171027,19,11,15,2372.002275
20171028,16,9,12.5,2399.127815
20171029,14,8,11,2344.683695
20171030,10,7,8.5,2324.51339
20171031,13,8,10.5,2449.30178
20171101,17,10,13.5,2470.0076
20171102,19,11,15,2532.00023
20171103,18,8,13,2464.921585
20171104,19,7,13,2508.733115
20171105,17,9,13,2512.592775
20171106,18,9,13.5,2421.304425
20171107,18,8,13,2443.846975
20171108,20,10,15,2420.9648
20171109,16,9,12.5,2457.87135
20171110,14,6,10,2549.25451
20171111,11,5,8,2698.5871
20171112,12,4,8,2762.847
20171113,14,3,8.5,2678.03442
20171114,11,4,7.5,2780.72448
20171115,10,3,6.5,2878.995425
20171116,12,7,9.5,2963.18129
20171117,12,1,6.5,2960.492885
20171118,9,2,5.5,2941.43009
20171119,5,1,3,2954.600415
20171120,8,3,5.5,2953.88725
20171121,10,2,6,3020.75091
20171122,10,0,5,3045.07167
20171123,11,1,6,3078.248425
20171124,10,1,5.5,3026.98253
20171125,14,-2,6,3128.074215
20171126,13,1,7,3038.2349
20171127,9,2,5.5,2913.49458
20171128,12,1,6.5,3061.28988
20171129,6,0,3,2969.397995
20171130,9,-1,4,3061.118215
20171201,7,-2,2.5,3069.808815
20171202,10,0,5,3155.451885
20171203,12,1,6.5,3103.53106
20171204,7,-1,3,2957.46362
20171205,7,-2,2.5,3160.092635
20171206,9,-1,4,3165.15946
20171207,8,-2,3,3175.775805
20171208,5,-2,1.5,3210.881725
20171209,10,-1,4.5,3265.1215
20171210,8,-1,3.5,3176.579885
20171211,7,-1,3,3111.09781
20171212,8,-1,3.5,3204.7376
20171213,4,-2,1,3258.9484
20171214,3,-2,0.5,3344.262295
20171215,8,-2,3,3336.42831
20171216,5,-3,1,3348.3358
20171217,5,-2,1.5,3323.301115
20171218,7,-2,2.5,3260.25845
20171219,8,-1,3.5,3388.897475
20171220,10,-1,4.5,3381.01523
20171221,9,-1,4,3279.55447
20171222,9,0,4.5,3331.46285
20171223,10,-2,4,3346.89218
20171224,8,-3,2.5,3229.5212
20171225,6,-1,2.5,3204.56223
20171226,11,-1,5,3292.148715
20171227,10,-1,4.5,3255.24207
20171228,7,-2,2.5,3270.836985
20171229,8,-1,3.5,3316.202715
20171230,8,-2,3,3255.22003
20171231,8,-2,3,3173.14516
20180101,9,-1,4,3192.948575
20180102,4,-2,1,3020.8689
20180103,0,-5,-2.5,3298.88127
20180104,-2,-8,-5,3480.50835
20180105,-4,-5,-4.5,3466.69934
20180106,-2,-5,-3.5,3547.883965
20180107,-1,-5,-3,3448.99305
20180108,-2,-6,-4,3438.18243
20180109,0,-5,-2.5,3572.65892
20180110,3,-5,-1,3541.6266
20180111,6,-5,0.5,3538.271485
20180112,0,-6,-3,3599.77686
20180113,3,-3,0,3659.230425
20180114,6,-3,1.5,3594.947535
20180115,6,-1,2.5,3494.88622
20180116,7,-1,3,3567.33417
20180117,5,-3,1,3517.40882
20180118,4,-2,1,3451.988305
20180119,7,-2,2.5,3455.448965
20180120,8,-2,3,3387.3181
20180121,10,-2,4,3319.813
20180122,8,-1,3.5,3236.770175
20180123,6,-3,1.5,3329.046525
20180124,2,-5,-1.5,3449.07608
20180125,0,-7,-3.5,3595.072555
20180126,-3,-5,-4,3605.17115
20180127,-1,-4,-2.5,3692.92132
20180128,-3,-5,-4,3610.01463
20180129,0,-7,-3.5,3624.67047
20180130,0,-8,-4,3774.805525
20180131,2,-6,-2,3704.65021
20180201,4,-6,-1,3691.2649
20180202,1,-5,-2,3626.620155
20180203,2,-5,-1.5,3586.192525
20180204,4,-6,-1,3554.020965
20180205,5,-3,1,3444.115275
20180206,6,-3,1.5,3428.3258
20180207,5,-3,1,3392.241285
20180208,6,-3,1.5,3358.202025
20180209,5,-5,0,3263.845365
20180210,9,-4,2.5,3169.443485
20180211,5,-3,1,3051.75093
20180212,8,-2,3,3020.1963
20180213,9,-2,3.5,2830.267075
20180214,10,-1,4.5,2609.01008
20180215,9,-1,4,2405.024275
20180216,11,1,6,2549.4276
20180217,5,1,3,2287.95625
20180218,9,1,5,2286.749465
20180219,12,1,6.5,2361.1509
20180220,9,-1,4,2364.043935
20180221,9,0,4.5,2448.62481
20180222,13,1,7,2576.1302
20180223,15,3,9,2598.89885
20180224,16,2,9,2621.315525
20180225,15,3,9,2669.88095
20180226,19,6,12.5,2581.0018
20180227,15,4,9.5,2598.2291
20180228,22,7,14.5,2626.64455
20180301,15,2,8.5,2575.98181
20180302,18,6,12,2554.262625
20180303,19,11,15,2607.53625
20180304,14,4,9,2567.79395
20180305,14,4,9,2597.49019
20180306,8,3,5.5,2760.414525
20180307,11,2,6.5,2853.017485
20180308,13,1,7,2830.919535
20180309,16,4,10,2765.283465
20180310,18,6,12,2777.75041
20180311,19,5,12,2693.61138
20180312,21,8,14.5,2564.22328
20180313,23,7,15,2589.5233
20180314,23,10,16.5,2567.168565
20180315,24,4,14,2490.51221
20180316,16,2,9,2345.4018
20180317,8,16,12,2434.86881
20180318,12,5,8.5,2519.046315
20180319,12,5,8.5,2457.10185
20180320,12,2,7,2550.8849
20180321,18,5,11.5,2562.9632
20180322,22,6,14,2480.869615
20180323,22,8,15,2412.4471
20180324,20,7,13.5,2406.64355
20180325,23,9,16,2297.486365
20180326,25,11,18,2265.0622
20180327,29,12,20.5,2328.17374
20180328,29,13,21,2340.28795
20180329,27,11,19,2332.04081
20180330,25,11,18,2329.50811
20180331,26,12,19,2363.29505
20180401,28,12,20,2275.50327
20180402,30,12,21,2206.425825
20180403,30,12,21,2251.099955
20180404,23,5,14,2319.93762
20180405,19,6,12.5,2175.886365
20180406,15,3,9,2079.319435
20180407,19,8,13.5,2223.20273
20180408,27,9,18,2193.34214
20180409,27,14,20.5,2258.4654
20180410,26,12,19,2271.85242
20180411,24,9,16.5,2284.01128
20180412,19,8,13.5,2289.510165
20180413,11,4,7.5,2258.28452
20180414,18,7,12.5,2337.3705
20180415,19,8,13.5,2274.132515
20180416,23,10,16.5,2202.262165
20180417,28,12,20,2269.66647
20180418,27,17,22,2258.705275
20180419,29,13,21,2299.61161
20180420,24,13,18.5,2339.063305
20180421,27,15,21,2287.90894
20180422,25,13,19,2292.931875
20180423,22,13,17.5,2188.962165
20180424,17,11,14,2254.100435
20180425,20,10,15,2276.46695
20180426,26,16,21,2349.9295
20180427,27,16,21.5,2368.192965
20180428,25,14,19.5,2396.78046
20180429,29,16,22.5,2381.32301
20180430,28,18,23,2338.6321
20180501,29,14,21.5,2193.64899
20180502,24,13,18.5,2155.959165
20180503,29,16,22.5,2349.654285
20180504,30,17,23.5,2414.8202
20180505,28,14,21,2440.64975
20180506,18,10,14,2311.37109
20180507,21,12,16.5,2204.71136
20180508,26,14,20,2371.823865
20180509,21,13,17,2380.17028
20180510,21,11,16,2392.60445
20180511,23,12,17.5,2321.341435
20180512,29,17,23,2401.90039
20180513,30,18,24,2422.150685
20180514,31,20,25.5,2441.756785
20180515,31,18,24.5,2685.93044
20180516,33,21,27,2770.422395
20180517,31,18,24.5,3182.59025
20180518,27,17,22,2782.96705
20180519,25,13,19,2942.92254
20180520,22,13,17.5,2553.842345
20180521,22,12,17,2380.00422
20180522,25,14,19.5,2332.090875
20180523,25,14,19.5,2442.1384
20180524,26,16,21,2427.64615
20180525,29,16,22.5,2574.93415
20180526,24,13,18.5,2695.338575
20180527,28,15,21.5,2379.24536
20180528,29,19,24,2408.50935
20180529,28,16,22,2565.95475
20180530,31,16,23.5,2591.17117
20180531,30,17,23.5,2572.7197
20180601,31,17,24,2744.25892
20180602,29,17,23,2578.611695
20180603,30,16,23,2639.96887
20180604,32,19,25.5,2493.764345
20180605,35,20,27.5,2658.40894
20180606,35,20,27.5,2855.08345
20180607,30,14,22,3133.04623
20180608,26,14,20,2811.27914
20180609,29,17,23,2446.04936
20180610,33,19,26,2588.6322
20180611,34,20,27,2628.627485
20180612,35,21,28,3032.050685
20180613,37,20,28.5,3307.186075
20180614,36,21,28.5,3395.407635
20180615,35,20,27.5,3558.6715
20180616,30,19,24.5,3674.115975
20180617,33,20,26.5,2926.801135
20180618,24,19,21.5,2957.039255
20180619,31,20,25.5,2395.66763
20180620,33,20,26.5,2980.239775
20180621,33,19,26,3309.41848
20180622,35,19,27,3425.632075
20180623,34,23,28.5,3678.78342
20180624,35,21,28,4013.27728
20180625,34,22,28,3592.41569
20180626,31,23,27,3330.25844
20180627,33,21,27,3570.1095
20180628,34,18,26,3938.354865
20180629,31,21,26,4042.33911
20180630,33,20,26.5,3929.00715
20180701,34,18,26,3760.61585
20180702,29,17,23,2810.0183
20180703,25,19,22,2654.546335
20180704,25,17,21,2642.615
20180705,28,20,24,3531.0531
20180706,32,21,26.5,3002.67165
20180707,32,21,26.5,3426.0287
20180708,31,19,25,3642.98286
20180709,28,19,23.5,2783.292615
20180710,26,20,23,2732.1772
20180711,29,20,24.5,2697.671775
20180712,32,21,26.5,2697.09959
20180713,31,22,26.5,2943.600935
20180714,33,23,28,3257.32827
20180715,35,23,29,3722.51078
20180716,36,25,30.5,4172.5482
20180717,36,24,30,3922.384415
20180718,38,24,31,4558.726715
20180719,39,25,32,4102.497268
20180720,39,26,32.5,3861.862554
20180721,38,27,32.5,4712.960901
20180722,37,24,30.5,4706.515708
20180723,37,25,31,4172.46325
20180724,38,27,32.5,4705.191911
20180725,38,27,32.5,4709.403052
20180726,37,25,31,4313.8812
20180727,37,25,31,4603.28105
20180728,37,25,31,4748.9531
20180729,36,24,30,4708.307773
20180730,35,23,29,4710.667661
20180731,32,24,28,4336.9343
20180801,33,24,28.5,4359.16962
20180802,36,24,30,4420.71955
20180803,36,24,30,4726.852351
20180804,36,26,31,4732.213135
20180805,36,24,30,4731.695821
20180806,36,25,30.5,4705.732186
20180807,37,25,31,4709.535213
20180808,37,25,31,4706.1759
20180809,37,25,31,3900.352264
20180810,37,25,31,4266.320135
20180811,36,24,30,4719.602754
20180812,37,25,31,4742.5045
20180813,37,24,30.5,4724.47825
20180814,35,25,30,4698.133135
20180815,35,22,28.5,4724.772974
20180816,34,22,28,4717.819382
20180817,30,22,26,4292.07492
20180818,35,23,29,3861.12566
20180819,35,24,29.5,4053.995135
20180820,35,24,29.5,4380.726925
20180821,34,21,27.5,4637.605714
20180822,27,19,23,3501.8805
20180823,29,21,25,2809.28433
20180824,32,21,26.5,2911.097825
20180825,33,23,28,3197.74104
20180826,33,22,27.5,3316.21573
20180827,35,22,28.5,3380.325625
20180828,33,22,27.5,3810.91569
20180829,35,23,29,4189.4316
20180830,34,23,28.5,4453.28745
20180831,34,22,28,4670.4508
20180901,34,22,28,4268.83355
20180902,30,22,26,4041.279575
20180903,32,21,26.5,2944.4319
20180904,30,19,24.5,3240.5621
20180905,23,18,20.5,3073.844225
20180906,27,16,21.5,2629.0775
20180907,25,17,21,2648.03855
20180908,28,18,23,2592.5443
20180909,27,19,23,2540.942485
20180910,28,19,23.5,2421.0009
20180911,29,17,23,2612.29955
20180912,28,19,23.5,2683.79199
20180913,24,17,20.5,2620.34472
20180914,27,14,20.5,2523.98204
20180915,23,13,18,2566.125085
20180916,20,15,17.5,2319.55116
20180917,25,16,20.5,2253.80679
20180918,20,15,17.5,2349.55197
20180919,20,16,18,2352.651155
20180920,24,14,19,2392.89515
20180921,25,14,19.5,2429.767215
20180922,26,14,20,2473.581025
20180923,25,14,19.5,2428.3805
20180924,23,13,18,2353.0018
20180925,18,12,15,2146.6447
20180926,21,13,17,2357.79588
20180927,17,11,14,2383.18007
20180928,23,13,18,2358.534315
20180929,25,11,18,2358.880115
20180930,23,12,17.5,2348.9662
20181001,23,12,17.5,2202.549065
20181002,22,13,17.5,2047.40105
20181003,23,12,17.5,2054.069765
20181004,24,12,18,2061.20265
20181005,24,15,19.5,2197.28293
20181006,22,10,16,2256.18274
20181007,19,11,15,2261.58235
20181008,19,9,14,2282.55151
20181009,18,7,12.5,2334.85205
20181010,21,8,14.5,2407.47746
20181011,19,9,14,2431.976535
20181012,23,12,17.5,2413.10165
20181013,20,9,14.5,2433.01707
20181014,17,8,12.5,2380.374815
20181015,21,10,15.5,2337.621585
20181016,22,9,15.5,2407.73282
20181017,20,11,15.5,2412.27819
20181018,21,9,15,2450.599955
20181019,17,8,12.5,2456.275065
20181020,19,8,13.5,2468.8866
20181021,16,8,12,2426.75182
20181022,21,7,14,2411.72928
20181023,20,7,13.5,2505.498365
20181024,20,11,15.5,2472.85475
20181025,20,7,13.5,2497.994885
20181026,18,5,11.5,2502.980485
20181027,19,5,12,2558.19667
20181028,20,4,12,2562.7732
20181029,21,7,14,2411.708855
20181030,22,3,12.5,2482.873925
20181031,21,5,13,2469.42145
20181101,20,7,13.5,2467.9442
20181102,24,5,14.5,2471.043955
20181103,19,7,13,2499.518875
20181104,15,4,9.5,2496.600475
20181105,10,3,6.5,2503.1132
20181106,8,3,5.5,2691.594435
20181107,8,2,5,2795.49888
20181108,15,2,8.5,2983.04712
20181109,17,4,10.5,2884.548175
20181110,12,2,7,2966.32864
20181111,14,3,8.5,2976.54038
20181112,15,4,9.5,2909.0862
20181113,14,5,9.5,2977.56676
20181114,12,4,8,3096.04354
20181115,9,2,5.5,3160.61314
20181116,6,1,3.5,3217.993235
20181117,5,3,4,3316.42587
20181118,10,0,5,3278.86002
20181119,10,1,5.5,3109.8573
20181120,9,1,5,3188.460015
20181121,7,1,4,3253.56475
20181122,11,1,6,3249.36575
20181123,15,2,8.5,3261.915915
20181124,13,2,7.5,3216.420985
20181125,15,1,8,3101.4688
20181126,14,2,8,3007.58657
20181127,12,1,6.5,3119.16312
20181128,14,0,7,3138.36072
20181129,13,3,8,3114.04338
20181130,11,3,7,3093.32103
20181201,11,2,6.5,3140.071195
20181202,9,3,6,3072.87855
20181203,9,-1,4,3020.671775
20181204,7,0,3.5,3170.093665
20181205,4,2,3,3252.18326
20181206,5,-4,0.5,3344.25631
20181207,1,-3,-1,3492.86025
20181208,-1,-6,-3.5,3667.008075
20181209,2,-3,-0.5,3751.66647
20181210,2,-3,-0.5,3632.20739
20181211,1,-5,-2,3828.016925
20181212,3,-3,0,3869.35209
20181213,4,-7,-1.5,3857.62643
20181214,4,-2,1,3903.699815
20181215,6,-1,2.5,3863.86755
20181216,10,-2,4,3690.669725
20181217,10,-2,4,3467.66169
20181218,10,-2,4,3564.540125
20181219,8,-2,3,3483.8951
20181220,8,-1,3.5,3518.47985
20181221,7,-1,3,3474.507865
20181222,5,-2,1.5,3557.31072
20181223,5,-2,1.5,3498.46753
20181224,2,-2,0,3538.399355
20181225,6,-1,2.5,3642.108385
20181226,4,-2,1,3602.18663
20181227,1,-4,-1.5,3603.91449
20181228,-1,-6,-3.5,3842.77717
20181229,0,-6,-3,3872.12001
20181230,1,-5,-2,3921.68455
20181231,1,-5,-2,3885.48575
20190101,2,-5,-1.5,3938.48055
20190102,4,-6,-1,3725.114255
20190103,3,-3,0,3934.08642
20190104,3,-2,0.5,3905.97459
20190105,5,-3,1,3891.95715
20190106,3,-3,0,3895.40033
20190107,1,-4,-1.5,3800.96596
20190108,4,-4,0,3870.86107
20190109,0,-6,-3,3847.68924
20190110,2,-4,-1,3905.203665
20190111,5,-5,0,3921.26788
20190112,7,-4,1.5,3898.76485
20190113,6,-4,1,3831.84077
20190114,5,-3,1,3693.7748
20190115,3,-6,-1.5,3758.28531
20190116,3,-6,-1.5,3803.711175
20190117,6,-3,1.5,3911.456185
20190118,6,-4,1,3891.715375
20190119,5,-4,0.5,3838.87134
20190120,4,-5,-0.5,3683.35197
20190121,6,-4,1,3614.958715
20190122,9,-2,3.5,3660.317035
20190123,8,-1,3.5,3569.883875
20190124,5,0,2.5,3530.08505
20190125,8,-1,3.5,3521.11287
20190126,7,0,3.5,3446.4252
20190127,5,0,2.5,3375.576385
20190128,4,-1,1.5,3338.966615
20190129,7,-3,2,3371.668085
20190130,3,-2,0.5,3244.65888
20190131,4,-5,-0.5,3258.62065
20190201,6,1,3.5,3276.15955
20190202,10,0,5,3112.684025
20190203,8,-2,3,2860.53455
20190204,11,-1,5,2664.469085
20190205,11,1,6,2700.893795
20190206,10,1,5.5,2498.15629
20190207,7,-3,2,2472.11869
20190208,2,-3,-0.5,2716.91545
20190209,0,-7,-3.5,2782.1092
20190210,0,-7,-3.5,2970.352935
20190211,5,-5,0,3052.816925
20190212,7,-1,3,3271.59499
20190213,5,-2,1.5,3254.75776
20190214,3,-2,0.5,3411.415705
20190215,6,-2,2,3505.48442
20190216,5,-1,2,3424.40705
20190217,2,-3,-0.5,3432.83165
20190218,2,-2,0,3422.243235
20190219,6,1,3.5,3519.19805
20190220,9,2,5.5,3438.3977
20190221,6,-1,2.5,3379.40935
20190222,10,-1,4.5,3461.87676
20190223,11,1,6,3420.81643
20190224,12,2,7,3325.893
20190225,14,5,9.5,3082.7386
20190226,8,3,5.5,3173.98591
20190227,9,3,6,3189.09832
20190228,12,5,8.5,3100.617505
20190301,6,3,4.5,3184.842985
20190302,8,2,5,3286.05741
20190303,14,3,8.5,3260.15414
20190304,12,2,7,3076.662685
20190305,16,2,9,3128.1486
20190306,14,4,9,3022.691
20190307,12,2,7,2996.749065
20190308,12,2,7,3025.27899
20190309,16,4,10,3142.90381
20190310,15,2,8.5,2995.359975
20190311,14,3,8.5,2961.240915
20190312,17,4,10.5,3038.02552
20190313,11,4,7.5,2987.389
20190314,19,5,12,3047.77252
20190315,18,6,12,2966.09285
20190316,21,6,13.5,2731.79663
20190317,20,8,14,2637.238285
20190318,23,10,16.5,2496.36136
20190319,24,13,18.5,2565.28975
20190320,25,7,16,2522.301015
20190321,15,4,9.5,2529.8253
20190322,14,5,9.5,2639.838055
20190323,17,6,11.5,2717.86925
20190324,20,6,13,2677.42148
20190325,24,7,15.5,2507.74236
20190326,25,17,21,2530.56687
20190327,25,12,18.5,2575.986465
20190328,26,11,18.5,2559.586235
20190329,22,7,14.5,2541.38015
20190330,17,4,10.5,2535.729075
20190331,20,6,13,2450.010765
20190401,26,8,17,2391.28129
20190402,22,11,16.5,2473.79886
20190403,20,8,14,2486.52297
20190404,24,15,19.5,2547.911115
20190405,26,16,21,2469.21245
20190406,30,13,21.5,2295.23762
20190407,30,15,22.5,2406.96788
20190408,26,10,18,2366.639525
20190409,21,7,14,2410.283095
20190410,17,8,12.5,2467.35501
20190411,22,9,15.5,2482.08096
20190412,17,8,12.5,2564.928085
20190413,21,9,15,2559.49475
20190414,19,9,14,2541.475625
20190415,24,12,18,2441.800865
20190416,27,13,20,2484.941125
20190417,30,15,22.5,2520.55805
20190418,30,14,22,2546.46341
20190419,27,11,19,2629.64503
20190420,22,11,16.5,2579.90379
20190421,25,13,19,2450.974445
20190422,25,13,19,2414.976285
20190423,28,16,22,2519.3525
20190424,30,15,22.5,2575.90695
20190425,31,13,22,2613.3645
20190426,24,11,17.5,2581.84673
20190427,18,8,13,2573.3752
20190428,16,10,13,2419.9768
20190429,24,11,17.5,2488.25273
20190430,22,12,17,2411.70021
20190501,25,12,18.5,2352.347535
20190502,24,14,19,2234.16136
20190503,26,14,20,2324.58806
20190504,25,16,20.5,2383.8198
20190505,21,9,15,2447.66227
20190506,16,8,12,2442.690065
20190507,13,8,10.5,2498.55871
20190508,21,10,15.5,2482.625975
20190509,23,12,17.5,2529.02445
20190510,26,15,20.5,2509.06894
20190511,27,14,20.5,2564.602425
20190512,21,10,15.5,2576.71426
20190513,24,14,19,2427.54963
20190514,25,15,20,2620.29114
20190515,29,18,23.5,2556.89327
20190516,30,16,23,2657.69131
20190517,28,20,24,2533.3669
20190518,26,17,21.5,2731.37293
20190519,24,13,18.5,2613.051
20190520,23,12,17.5,2489.355775
20190521,28,14,21,2628.22022
20190522,32,16,24,2678.619905
20190523,33,21,27,2761.590625
20190524,35,19,27,2920.72674
20190525,35,21,28,3198.406515
20190526,34,15,24.5,3399.111115
20190527,27,15,21,3059.00437
20190528,17,12,14.5,2549.548155
20190529,24,15,19.5,2529.057035
20190530,31,17,24,2503.26558
20190531,30,18,24,2624.74075
20190601,33,21,27,2689.20414
20190602,35,21,28,2746.23967
20190603,35,20,27.5,2781.046815
20190604,36,19,27.5,3174.27281
20190605,30,17,23.5,3136.11701
20190606,32,19,25.5,2692.61255
20190607,33,20,26.5,2819.41608
20190608,33,20,26.5,2818.14669
20190609,34,21,27.5,3058.437315
20190610,34,21,27.5,3276.68756
20190611,31,20,25.5,3656.17057
20190612,31,19,25,3288.64255
20190613,34,21,27.5,3214.233135
20190614,36,22,29,3671.037975
20190615,32,21,26.5,3863.421335
20190616,33,19,26,3334.6634
20190617,32,22,27,3395.920635
20190618,32,22,27,3296.17301
20190619,31,20,25.5,3652.73765
20190620,26,19,22.5,3030.5988
20190621,24,20,22,2711.31691
20190622,28,17,22.5,2681.3066
20190623,31,20,25.5,2743.73566
20190624,27,19,23,2913.93253
20190625,30,22,26,2772.60122
20190626,32,22,27,3063.0489
20190627,25,19,22,3077.325785
20190628,27,21,24,2612.1143
20190629,31,21,26,2597.175265
20190630,30,19,24.5,2659.504575
20190701,31,21,26,2760.801365
20190702,36,20,28,3139.600185
20190703,33,23,28,3355.79615
20190704,34,21,27.5,3485.79415
20190705,34,21,27.5,3469.587435
20190706,34,23,28.5,4081.59805
20190707,33,20,26.5,3561.508485
20190708,23,17,20,3850.26279
20190709,29,18,23.5,2925.71291
20190710,28,19,23.5,2945.0627
20190711,27,20,23.5,3169.85265
20190712,28,19,23.5,3111.64615
20190713,32,22,27,3463.295775
20190714,35,22,28.5,3717.955815
20190715,34,22,28,4118.42005
20190716,30,20,25,4196.82773
20190717,26,20,23,3350.40528
20190718,25,21,23,2937.178935
20190719,30,22,26,2940.90056
20190720,31,22,26.5,3066.31842
20190721,34,23,28.5,3714.24141
20190722,31,21,26,4060.45105
20190723,31,23,27,3278.385495
20190724,34,24,29,3786.12715
20190725,34,25,29.5,3828.31513
20190726,36,26,31,4550.04875
20190727,38,25,31.5,4707.033433
20190728,36,26,31,4719.267687
20190729,33,22,27.5,4167.156403
20190730,35,22,28.5,3653.20277
20190731,34,23,28.5,4407.81855
20190801,35,23,29,4570.901309
20190802,34,23,28.5,4449.9805
20190803,31,23,27,3986.41432
20190804,31,23,27,3494.955095
20190805,31,22,26.5,4153.7553
20190806,25,21,23,3937.782015
20190807,30,22,26,3225.67123
20190808,31,21,26,3673.97148
20190809,27,19,23,3855.572435
20190810,32,21,26.5,3334.633855
20190811,32,22,27,3691.929425
20190812,35,23,29,3876.48982
20190813,34,22,28,4047.72637
20190814,36,25,30.5,4496.41498
20190815,36,24,30,4379.9522
20190816,35,23,29,4496.489175
20190817,34,21,27.5,4603.098744
20190818,35,23,29,4155.26865
20190819,35,25,30,4684.917115
20190820,32,21,26.5,3923.809949
20190821,32,21,26.5,3511.23515
20190822,29,21,25,3453.514385
20190823,31,22,26.5,3309.662915
20190824,32,22,27,3509.490665
20190825,30,22,26,3626.25355
20190826,30,19,24.5,3418.93144
20190827,25,20,22.5,2842.96658
20190828,30,18,24,2914.70735
20190829,30,19,24.5,3081.12645
20190830,28,17,22.5,3146.257405
20190831,24,18,21,3102.23849
20190901,28,19,23.5,2744.193275
20190902,30,17,23.5,2679.624815
20190903,29,18,23.5,2905.24288
20190904,23,17,20,2956.484455
20190905,29,19,24,2847.27502
20190906,30,19,24.5,3120.2636
20190907,31,21,26,3332.814035
20190908,33,20,26.5,3511.48158
20190909,29,19,24,3594.40385
20190910,22,18,20,2966.73657
20190911,22,16,19,2824.993815
20190912,26,18,22,2736.35625
20190913,20,15,17.5,2575.16937
20190914,16,14,15,2295.72554
20190915,17,13,15,2432.41705
20190916,20,14,17,2427.723575
20190917,19,13,16,2534.7862
20190918,18,14,16,2578.193125
20190919,18,16,17,2545.69885
20190920,24,13,18.5,2604.13183
20190921,23,13,18,2669.11525
20190922,24,12,18,2631.15325
20190923,25,14,19.5,2523.102625
20190924,25,15,20,2625.26078
20190925,25,13,19,2606.1939
20190926,25,13,19,2643.366925
20190927,27,14,20.5,2652.35079
20190928,26,15,20.5,2713.69495
20190929,27,16,21.5,2678.10054
20190930,29,16,22.5,2696.9512
20191001,27,15,21,2579.60397
20191002,29,19,24,2261.88274
20191003,25,15,20,2360.66279
20191004,20,9,14.5,2314.12875
20191005,16,7,11.5,2304.1129
20191006,13,11,12,2394.90497
20191007,20,11,15.5,2420.24185
20191008,18,12,15,2489.3116
20191009,16,12,14,2577.07925
20191010,16,12,14,2587.57105
20191011,19,11,15,2627.24476
20191012,21,10,15.5,2730.05395
20191013,21,12,16.5,2737.32506
20191014,17,7,12,2636.37103
20191015,12,7,9.5,2736.040375
20191016,17,7,12,2881.767525
20191017,19,7,13,2838.757985
20191018,19,8,13.5,2816.70706
20191019,21,9,15,2854.283075
20191020,18,8,13,2779.99355
20191021,17,10,13.5,2749.001225
20191022,15,10,12.5,2860.13175
20191023,20,6,13,2875.79516
20191024,13,6,9.5,2810.76956
20191025,12,5,8.5,2996.1841
20191026,16,7,11.5,3043.54977
20191027,18,9,13.5,2944.13493
20191028,19,7,13,2797.71428
20191029,18,7,12.5,2866.21365
20191030,17,8,12.5,2883.01687
20191031,17,9,13,2825.94011
20191101,13,7,10,2889.271195
20191102,17,6,11.5,3021.111815
20191103,18,6,12,2928.493275
20191104,16,7,11.5,2807.39611
20191105,15,10,12.5,2910.5492
20191106,13,8,10.5,2929.917135
20191107,16,7,11.5,3010.63512
20191108,17,7,12,3021.05605
20191109,14,3,8.5,3065.97794
20191110,17,5,11,3115.49859
20191111,16,8,12,3020.84325
20191112,14,4,9,3133.688145
20191113,12,2,7,3160.551865
20191114,17,5,11,3231.93135
20191115,16,4,10,3253.46405
20191116,15,4,9.5,3213.96115
20191117,13,-2,5.5,3152.75037
20191118,7,-1,3,3242.41726
20191119,12,1,6.5,3357.98305
20191120,12,1,6.5,3374.489965
20191121,13,2,7.5,3366.67061
20191122,14,3,8.5,3376.24623
20191123,15,3,9,3360.84559
20191124,6,-2,2,3205.4178
20191125,7,-2,2.5,3373.562765
20191126,5,-1,2,3534.26999
20191127,7,-1,3,3594.96606
20191128,7,-1,3,3630.49872
20191129,4,0,2,3616.27171
20191130,5,-1,2,3736.93444
20191201,8,-3,2.5,3691.910615
20191202,7,-2,2.5,3514.743975
20191203,10,-1,4.5,3677.924525
20191204,12,-2,5,3649.899335
20191205,9,-2,3.5,3709.17943
20191206,8,-1,3.5,3712.92167
20191207,8,-2,3,3782.768235
20191208,12,1,6.5,3703.09278
20191209,15,2,8.5,3545.8921
20191210,15,-2,6.5,3608.100475
20191211,10,-1,4.5,3585.852235
